table_name,column_name,data_type,is_nullable
account_history,id,INT64,YES
account_history,updated_at,TIMESTAMP,YES
account_history,manager_customer_id,INT64,YES
account_history,auto_tagging_enabled,BOOL,YES
account_history,currency_code,STRING,YES
account_history,descriptive_name,STRING,YES
account_history,final_url_suffix,STRING,YES
account_history,hidden,BOOL,YES
account_history,manager,BOOL,YES
account_history,optimization_score,FLOAT64,YES
account_history,pay_per_conversion_eligibility_failure_reasons,STRING,YES
account_history,test_account,BOOL,YES
account_history,time_zone,STRING,YES
account_history,tracking_url_template,STRING,YES
account_history,_fivetran_synced,TIMESTAMP,YES
account_history,_fivetran_start,TIMESTAMP,YES
account_history,_fivetran_end,TIMESTAMP,YES
account_history,_fivetran_active,BOOL,YES
account_hourly_stats,customer_id,INT64,YES
account_hourly_stats,date,DATE,YES
account_hourly_stats,_fivetran_id,STRING,YES
account_hourly_stats,click_type,STRING,YES
account_hourly_stats,conversions,FLOAT64,YES
account_hourly_stats,month,DATE,YES
account_hourly_stats,interactions,INT64,YES
account_hourly_stats,year,INT64,YES
account_hourly_stats,average_cpm,FLOAT64,YES
account_hourly_stats,interaction_event_types,STRING,YES
account_hourly_stats,device,STRING,YES
account_hourly_stats,week,DATE,YES
account_hourly_stats,active_view_impressions,INT64,YES
account_hourly_stats,clicks,INT64,YES
account_hourly_stats,day_of_week,STRING,YES
account_hourly_stats,active_view_measurable_impressions,INT64,YES
account_hourly_stats,quarter,DATE,YES
account_hourly_stats,cost_per_conversion,FLOAT64,YES
account_hourly_stats,active_view_measurability,FLOAT64,YES
account_hourly_stats,average_cpc,FLOAT64,YES
account_hourly_stats,ctr,FLOAT64,YES
account_hourly_stats,conversions_value,FLOAT64,YES
account_hourly_stats,average_cost,FLOAT64,YES
account_hourly_stats,ad_network_type,STRING,YES
account_hourly_stats,interaction_rate,FLOAT64,YES
account_hourly_stats,impressions,INT64,YES
account_hourly_stats,active_view_viewability,FLOAT64,YES
account_hourly_stats,value_per_conversion,FLOAT64,YES
account_hourly_stats,hour,INT64,YES
account_hourly_stats,active_view_cpm,FLOAT64,YES
account_hourly_stats,active_view_ctr,FLOAT64,YES
account_hourly_stats,active_view_measurable_cost_micros,INT64,YES
account_hourly_stats,conversions_from_interactions_rate,FLOAT64,YES
account_hourly_stats,cost_micros,INT64,YES
account_hourly_stats,_fivetran_synced,TIMESTAMP,YES
account_label_history,account_id,INT64,YES
account_label_history,updated_at,TIMESTAMP,YES
account_label_history,label_id,INT64,YES
account_label_history,_fivetran_synced,TIMESTAMP,YES
account_label_history,_fivetran_start,TIMESTAMP,YES
account_label_history,_fivetran_end,TIMESTAMP,YES
account_label_history,_fivetran_active,BOOL,YES
account_stats,customer_id,INT64,YES
account_stats,date,DATE,YES
account_stats,_fivetran_id,STRING,YES
account_stats,conversions_value,FLOAT64,YES
account_stats,conversions,FLOAT64,YES
account_stats,interactions,INT64,YES
account_stats,ad_network_type,STRING,YES
account_stats,interaction_event_types,STRING,YES
account_stats,impressions,INT64,YES
account_stats,view_through_conversions,INT64,YES
account_stats,device,STRING,YES
account_stats,active_view_viewability,FLOAT64,YES
account_stats,active_view_impressions,INT64,YES
account_stats,clicks,INT64,YES
account_stats,active_view_measurable_impressions,INT64,YES
account_stats,active_view_measurable_cost_micros,INT64,YES
account_stats,active_view_measurability,FLOAT64,YES
account_stats,cost_micros,INT64,YES
account_stats,_fivetran_synced,TIMESTAMP,YES
ad_custom_parameter_history,ad_group_id,INT64,YES
ad_custom_parameter_history,ad_id,INT64,YES
ad_custom_parameter_history,sequence_id,INT64,YES
ad_custom_parameter_history,updated_at,TIMESTAMP,YES
ad_custom_parameter_history,key,STRING,YES
ad_custom_parameter_history,value,STRING,YES
ad_custom_parameter_history,_fivetran_synced,TIMESTAMP,YES
ad_custom_parameter_history,_fivetran_start,TIMESTAMP,YES
ad_custom_parameter_history,_fivetran_end,TIMESTAMP,YES
ad_custom_parameter_history,_fivetran_active,BOOL,YES
ad_group_bid_modifier_history,ad_group_id,INT64,YES
ad_group_bid_modifier_history,criterion_id,INT64,YES
ad_group_bid_modifier_history,updated_at,TIMESTAMP,YES
ad_group_bid_modifier_history,base_ad_group,STRING,YES
ad_group_bid_modifier_history,bid_modifier,FLOAT64,YES
ad_group_bid_modifier_history,bid_modifier_source,STRING,YES
ad_group_bid_modifier_history,device_type,STRING,YES
ad_group_bid_modifier_history,hotel_advance_booking_window_max_days,INT64,YES
ad_group_bid_modifier_history,hotel_advance_booking_window_min_days,INT64,YES
ad_group_bid_modifier_history,hotel_check_in_date_range_end_date,STRING,YES
ad_group_bid_modifier_history,hotel_check_in_date_range_start_date,STRING,YES
ad_group_bid_modifier_history,hotel_check_in_day_day_of_week,STRING,YES
ad_group_bid_modifier_history,hotel_date_selection_type,STRING,YES
ad_group_bid_modifier_history,hotel_length_of_stay_max_nights,INT64,YES
ad_group_bid_modifier_history,hotel_length_of_stay_min_nights,INT64,YES
ad_group_bid_modifier_history,_fivetran_synced,TIMESTAMP,YES
ad_group_bid_modifier_history,_fivetran_start,TIMESTAMP,YES
ad_group_bid_modifier_history,_fivetran_end,TIMESTAMP,YES
ad_group_bid_modifier_history,_fivetran_active,BOOL,YES
ad_group_bidding_strategy_history,ad_group_id,INT64,YES
ad_group_bidding_strategy_history,updated_at,TIMESTAMP,YES
ad_group_bidding_strategy_history,cpc_bid_micros,INT64,YES
ad_group_bidding_strategy_history,cpm_bid_micros,INT64,YES
ad_group_bidding_strategy_history,cpv_bid_micros,INT64,YES
ad_group_bidding_strategy_history,effective_target_cpa_micros,INT64,YES
ad_group_bidding_strategy_history,effective_target_cpa_source,STRING,YES
ad_group_bidding_strategy_history,effective_target_roas,FLOAT64,YES
ad_group_bidding_strategy_history,effective_target_roas_source,STRING,YES
ad_group_bidding_strategy_history,percent_cpc_bid_micros,INT64,YES
ad_group_bidding_strategy_history,target_cpa_micros,INT64,YES
ad_group_bidding_strategy_history,target_cpm_micros,INT64,YES
ad_group_bidding_strategy_history,target_roas,FLOAT64,YES
ad_group_bidding_strategy_history,_fivetran_synced,TIMESTAMP,YES
ad_group_bidding_strategy_history,_fivetran_start,TIMESTAMP,YES
ad_group_bidding_strategy_history,_fivetran_end,TIMESTAMP,YES
ad_group_bidding_strategy_history,_fivetran_active,BOOL,YES
ad_group_criterion_custom_parameter_history,sequence_id,INT64,YES
ad_group_criterion_custom_parameter_history,criterion_id,INT64,YES
ad_group_criterion_custom_parameter_history,ad_group_id,INT64,YES
ad_group_criterion_custom_parameter_history,updated_at,TIMESTAMP,YES
ad_group_criterion_custom_parameter_history,key,STRING,YES
ad_group_criterion_custom_parameter_history,value,STRING,YES
ad_group_criterion_custom_parameter_history,_fivetran_synced,TIMESTAMP,YES
ad_group_criterion_custom_parameter_history,_fivetran_start,TIMESTAMP,YES
ad_group_criterion_custom_parameter_history,_fivetran_end,TIMESTAMP,YES
ad_group_criterion_custom_parameter_history,_fivetran_active,BOOL,YES
ad_group_criterion_history,ad_group_id,INT64,YES
ad_group_criterion_history,id,INT64,YES
ad_group_criterion_history,updated_at,TIMESTAMP,YES
ad_group_criterion_history,user_interest_id,INT64,YES
ad_group_criterion_history,user_list_id,INT64,YES
ad_group_criterion_history,age_range_type,STRING,YES
ad_group_criterion_history,app_payment_model_type,STRING,YES
ad_group_criterion_history,approval_status,STRING,YES
ad_group_criterion_history,bid_modifier,FLOAT64,YES
ad_group_criterion_history,cpc_bid_micros,INT64,YES
ad_group_criterion_history,cpm_bid_micros,INT64,YES
ad_group_criterion_history,cpv_bid_micros,INT64,YES
ad_group_criterion_history,custom_affinity_id,INT64,YES
ad_group_criterion_history,custom_audience_id,INT64,YES
ad_group_criterion_history,custom_intent_id,INT64,YES
ad_group_criterion_history,disapproval_reasons,STRING,YES
ad_group_criterion_history,display_name,STRING,YES
ad_group_criterion_history,final_mobile_urls,STRING,YES
ad_group_criterion_history,final_urls,STRING,YES
ad_group_criterion_history,final_url_suffix,STRING,YES
ad_group_criterion_history,first_page_cpc_micros,INT64,YES
ad_group_criterion_history,first_position_cpc_micros,INT64,YES
ad_group_criterion_history,gender_type,STRING,YES
ad_group_criterion_history,income_range_type,STRING,YES
ad_group_criterion_history,keyword_match_type,STRING,YES
ad_group_criterion_history,keyword_text,STRING,YES
ad_group_criterion_history,mobile_app_category_constant_id,INT64,YES
ad_group_criterion_history,mobile_app_category_constant_name,STRING,YES
ad_group_criterion_history,mobile_application_app_id,STRING,YES
ad_group_criterion_history,mobile_application_name,STRING,YES
ad_group_criterion_history,negative,BOOL,YES
ad_group_criterion_history,parent_ad_group_criterion_id,INT64,YES
ad_group_criterion_history,parental_status_type,STRING,YES
ad_group_criterion_history,placement_url,STRING,YES
ad_group_criterion_history,quality_info_score,INT64,YES
ad_group_criterion_history,quality_info_creative_score,STRING,YES
ad_group_criterion_history,quality_info_post_click_score,STRING,YES
ad_group_criterion_history,quality_info_search_predicted_ctr,STRING,YES
ad_group_criterion_history,status,STRING,YES
ad_group_criterion_history,system_serving_status,STRING,YES
ad_group_criterion_history,top_of_page_cpc_micros,INT64,YES
ad_group_criterion_history,topic_constant_id,INT64,YES
ad_group_criterion_history,tracking_url_template,STRING,YES
ad_group_criterion_history,type,STRING,YES
ad_group_criterion_history,webpage_conditions,STRING,YES
ad_group_criterion_history,youtube_channel_id,STRING,YES
ad_group_criterion_history,youtube_video_id,STRING,YES
ad_group_criterion_history,audience_id,INT64,YES
ad_group_criterion_history,combined_audience_id,INT64,YES
ad_group_criterion_history,_fivetran_synced,TIMESTAMP,YES
ad_group_criterion_history,_fivetran_start,TIMESTAMP,YES
ad_group_criterion_history,_fivetran_end,TIMESTAMP,YES
ad_group_criterion_history,_fivetran_active,BOOL,YES
ad_group_criterion_label_history,criterion_id,INT64,YES
ad_group_criterion_label_history,ad_group_id,INT64,YES
ad_group_criterion_label_history,updated_at,TIMESTAMP,YES
ad_group_criterion_label_history,label_id,INT64,YES
ad_group_criterion_label_history,_fivetran_synced,TIMESTAMP,YES
ad_group_criterion_label_history,_fivetran_start,TIMESTAMP,YES
ad_group_criterion_label_history,_fivetran_end,TIMESTAMP,YES
ad_group_criterion_label_history,_fivetran_active,BOOL,YES
ad_group_custom_parameter_history,sequence_id,INT64,YES
ad_group_custom_parameter_history,ad_group_id,INT64,YES
ad_group_custom_parameter_history,updated_at,TIMESTAMP,YES
ad_group_custom_parameter_history,key,STRING,YES
ad_group_custom_parameter_history,value,STRING,YES
ad_group_custom_parameter_history,_fivetran_synced,TIMESTAMP,YES
ad_group_custom_parameter_history,_fivetran_start,TIMESTAMP,YES
ad_group_custom_parameter_history,_fivetran_end,TIMESTAMP,YES
ad_group_custom_parameter_history,_fivetran_active,BOOL,YES
ad_group_history,id,INT64,YES
ad_group_history,updated_at,TIMESTAMP,YES
ad_group_history,campaign_id,INT64,YES
ad_group_history,base_ad_group_id,INT64,YES
ad_group_history,ad_rotation_mode,STRING,YES
ad_group_history,campaign_name,STRING,YES
ad_group_history,display_custom_bid_dimension,STRING,YES
ad_group_history,explorer_auto_optimizer_setting_opt_in,BOOL,YES
ad_group_history,final_url_suffix,STRING,YES
ad_group_history,name,STRING,YES
ad_group_history,status,STRING,YES
ad_group_history,target_restrictions,STRING,YES
ad_group_history,tracking_url_template,STRING,YES
ad_group_history,type,STRING,YES
ad_group_history,_fivetran_synced,TIMESTAMP,YES
ad_group_history,_fivetran_start,TIMESTAMP,YES
ad_group_history,_fivetran_end,TIMESTAMP,YES
ad_group_history,_fivetran_active,BOOL,YES
ad_group_hourly_stats,customer_id,INT64,YES
ad_group_hourly_stats,date,DATE,YES
ad_group_hourly_stats,_fivetran_id,STRING,YES
ad_group_hourly_stats,campaign_base_campaign,STRING,YES
ad_group_hourly_stats,click_type,STRING,YES
ad_group_hourly_stats,conversions,FLOAT64,YES
ad_group_hourly_stats,month,DATE,YES
ad_group_hourly_stats,interactions,INT64,YES
ad_group_hourly_stats,average_cpm,FLOAT64,YES
ad_group_hourly_stats,year,INT64,YES
ad_group_hourly_stats,interaction_event_types,STRING,YES
ad_group_hourly_stats,campaign_id,INT64,YES
ad_group_hourly_stats,device,STRING,YES
ad_group_hourly_stats,week,DATE,YES
ad_group_hourly_stats,active_view_impressions,INT64,YES
ad_group_hourly_stats,clicks,INT64,YES
ad_group_hourly_stats,active_view_measurable_impressions,INT64,YES
ad_group_hourly_stats,quarter,DATE,YES
ad_group_hourly_stats,day_of_week,STRING,YES
ad_group_hourly_stats,cost_per_conversion,FLOAT64,YES
ad_group_hourly_stats,average_cpc,FLOAT64,YES
ad_group_hourly_stats,active_view_measurability,FLOAT64,YES
ad_group_hourly_stats,ctr,FLOAT64,YES
ad_group_hourly_stats,conversions_value,FLOAT64,YES
ad_group_hourly_stats,average_cost,FLOAT64,YES
ad_group_hourly_stats,ad_network_type,STRING,YES
ad_group_hourly_stats,interaction_rate,FLOAT64,YES
ad_group_hourly_stats,impressions,INT64,YES
ad_group_hourly_stats,active_view_viewability,FLOAT64,YES
ad_group_hourly_stats,id,INT64,YES
ad_group_hourly_stats,value_per_conversion,FLOAT64,YES
ad_group_hourly_stats,hour,INT64,YES
ad_group_hourly_stats,active_view_cpm,FLOAT64,YES
ad_group_hourly_stats,active_view_ctr,FLOAT64,YES
ad_group_hourly_stats,active_view_measurable_cost_micros,INT64,YES
ad_group_hourly_stats,base_ad_group,STRING,YES
ad_group_hourly_stats,conversions_from_interactions_rate,FLOAT64,YES
ad_group_hourly_stats,cost_micros,INT64,YES
ad_group_hourly_stats,_fivetran_synced,TIMESTAMP,YES
ad_group_label_history,ad_group_id,INT64,YES
ad_group_label_history,updated_at,TIMESTAMP,YES
ad_group_label_history,label_id,INT64,YES
ad_group_label_history,_fivetran_synced,TIMESTAMP,YES
ad_group_label_history,_fivetran_start,TIMESTAMP,YES
ad_group_label_history,_fivetran_end,TIMESTAMP,YES
ad_group_label_history,_fivetran_active,BOOL,YES
ad_group_stats,customer_id,INT64,YES
ad_group_stats,date,DATE,YES
ad_group_stats,_fivetran_id,STRING,YES
ad_group_stats,campaign_base_campaign,STRING,YES
ad_group_stats,conversions_value,FLOAT64,YES
ad_group_stats,conversions,FLOAT64,YES
ad_group_stats,interactions,INT64,YES
ad_group_stats,ad_network_type,STRING,YES
ad_group_stats,interaction_event_types,STRING,YES
ad_group_stats,campaign_id,INT64,YES
ad_group_stats,impressions,INT64,YES
ad_group_stats,id,INT64,YES
ad_group_stats,device,STRING,YES
ad_group_stats,active_view_viewability,FLOAT64,YES
ad_group_stats,view_through_conversions,INT64,YES
ad_group_stats,active_view_impressions,INT64,YES
ad_group_stats,clicks,INT64,YES
ad_group_stats,active_view_measurable_impressions,INT64,YES
ad_group_stats,active_view_measurable_cost_micros,INT64,YES
ad_group_stats,cost_per_conversion,FLOAT64,YES
ad_group_stats,active_view_measurability,FLOAT64,YES
ad_group_stats,base_ad_group,STRING,YES
ad_group_stats,cost_micros,INT64,YES
ad_group_stats,_fivetran_synced,TIMESTAMP,YES
ad_history,ad_group_id,INT64,YES
ad_history,id,INT64,YES
ad_history,updated_at,TIMESTAMP,YES
ad_history,action_items,STRING,YES
ad_history,ad_strength,STRING,YES
ad_history,added_by_google_ads,BOOL,YES
ad_history,device_preference,STRING,YES
ad_history,display_url,STRING,YES
ad_history,final_url_suffix,STRING,YES
ad_history,final_app_urls,STRING,YES
ad_history,final_mobile_urls,STRING,YES
ad_history,final_urls,STRING,YES
ad_history,name,STRING,YES
ad_history,policy_summary_approval_status,STRING,YES
ad_history,policy_summary_review_status,STRING,YES
ad_history,status,STRING,YES
ad_history,system_managed_resource_source,STRING,YES
ad_history,tracking_url_template,STRING,YES
ad_history,type,STRING,YES
ad_history,url_collections,STRING,YES
ad_history,_fivetran_synced,TIMESTAMP,YES
ad_history,_fivetran_start,TIMESTAMP,YES
ad_history,_fivetran_end,TIMESTAMP,YES
ad_history,_fivetran_active,BOOL,YES
ad_label_history,ad_id,INT64,YES
ad_label_history,ad_group_id,INT64,YES
ad_label_history,updated_at,TIMESTAMP,YES
ad_label_history,label_id,INT64,YES
ad_label_history,_fivetran_synced,TIMESTAMP,YES
ad_label_history,_fivetran_start,TIMESTAMP,YES
ad_label_history,_fivetran_end,TIMESTAMP,YES
ad_label_history,_fivetran_active,BOOL,YES
ad_listing_group_criterion_history,criterion_id,INT64,YES
ad_listing_group_criterion_history,ad_group_id,INT64,YES
ad_listing_group_criterion_history,updated_at,TIMESTAMP,YES
ad_listing_group_criterion_history,hotel_city_criterion_id,INT64,YES
ad_listing_group_criterion_history,hotel_class,INT64,YES
ad_listing_group_criterion_history,hotel_country_region_criterion_id,INT64,YES
ad_listing_group_criterion_history,hotel_id,STRING,YES
ad_listing_group_criterion_history,hotel_state_criterion_id,INT64,YES
ad_listing_group_criterion_history,listing_group_type,STRING,YES
ad_listing_group_criterion_history,product_category_country_code,STRING,YES
ad_listing_group_criterion_history,product_category_id,INT64,YES
ad_listing_group_criterion_history,product_category_level,STRING,YES
ad_listing_group_criterion_history,product_brand_value,STRING,YES
ad_listing_group_criterion_history,product_channel,STRING,YES
ad_listing_group_criterion_history,product_channel_exclusivity,STRING,YES
ad_listing_group_criterion_history,product_condition,STRING,YES
ad_listing_group_criterion_history,product_custom_attribute_value,STRING,YES
ad_listing_group_criterion_history,product_item_id,STRING,YES
ad_listing_group_criterion_history,product_type_value,STRING,YES
ad_listing_group_criterion_history,_fivetran_synced,TIMESTAMP,YES
ad_listing_group_criterion_history,_fivetran_start,TIMESTAMP,YES
ad_listing_group_criterion_history,_fivetran_end,TIMESTAMP,YES
ad_listing_group_criterion_history,_fivetran_active,BOOL,YES
ad_policy_topic_constraint_history,sequence_id,INT64,YES
ad_policy_topic_constraint_history,ad_id,INT64,YES
ad_policy_topic_constraint_history,ad_group_id,INT64,YES
ad_policy_topic_constraint_history,updated_at,TIMESTAMP,YES
ad_policy_topic_constraint_history,policy_topic_sequence_id,INT64,YES
ad_policy_topic_constraint_history,type,STRING,YES
ad_policy_topic_constraint_history,constrained_countries,STRING,YES
ad_policy_topic_constraint_history,total_targeted_countries,INT64,YES
ad_policy_topic_constraint_history,reseller_constraint,STRING,YES
ad_policy_topic_constraint_history,_fivetran_synced,TIMESTAMP,YES
ad_policy_topic_constraint_history,_fivetran_start,TIMESTAMP,YES
ad_policy_topic_constraint_history,_fivetran_end,TIMESTAMP,YES
ad_policy_topic_constraint_history,_fivetran_active,BOOL,YES
ad_policy_topic_evidence_history,sequence_id,INT64,YES
ad_policy_topic_evidence_history,ad_id,INT64,YES
ad_policy_topic_evidence_history,ad_group_id,INT64,YES
ad_policy_topic_evidence_history,updated_at,TIMESTAMP,YES
ad_policy_topic_evidence_history,policy_topic_sequence_id,INT64,YES
ad_policy_topic_evidence_history,type,STRING,YES
ad_policy_topic_evidence_history,value,STRING,YES
ad_policy_topic_evidence_history,_fivetran_synced,TIMESTAMP,YES
ad_policy_topic_evidence_history,_fivetran_start,TIMESTAMP,YES
ad_policy_topic_evidence_history,_fivetran_end,TIMESTAMP,YES
ad_policy_topic_evidence_history,_fivetran_active,BOOL,YES
ad_policy_topic_history,sequence_id,INT64,YES
ad_policy_topic_history,ad_id,INT64,YES
ad_policy_topic_history,ad_group_id,INT64,YES
ad_policy_topic_history,updated_at,TIMESTAMP,YES
ad_policy_topic_history,type,STRING,YES
ad_policy_topic_history,topic,STRING,YES
ad_policy_topic_history,_fivetran_synced,TIMESTAMP,YES
ad_policy_topic_history,_fivetran_start,TIMESTAMP,YES
ad_policy_topic_history,_fivetran_end,TIMESTAMP,YES
ad_policy_topic_history,_fivetran_active,BOOL,YES
ad_stats,customer_id,INT64,YES
ad_stats,date,DATE,YES
ad_stats,_fivetran_id,STRING,YES
ad_stats,campaign_base_campaign,STRING,YES
ad_stats,conversions,FLOAT64,YES
ad_stats,interactions,INT64,YES
ad_stats,interaction_event_types,STRING,YES
ad_stats,campaign_id,INT64,YES
ad_stats,device,STRING,YES
ad_stats,active_view_impressions,INT64,YES
ad_stats,clicks,INT64,YES
ad_stats,active_view_measurable_impressions,INT64,YES
ad_stats,cost_per_conversion,FLOAT64,YES
ad_stats,active_view_measurability,FLOAT64,YES
ad_stats,conversions_value,FLOAT64,YES
ad_stats,ad_id,INT64,YES
ad_stats,video_trueview_views,INT64,YES
ad_stats,ad_network_type,STRING,YES
ad_stats,impressions,INT64,YES
ad_stats,active_view_viewability,FLOAT64,YES
ad_stats,view_through_conversions,INT64,YES
ad_stats,ad_group_id,INT64,YES
ad_stats,active_view_measurable_cost_micros,INT64,YES
ad_stats,ad_group_base_ad_group,STRING,YES
ad_stats,cost_micros,INT64,YES
ad_stats,_fivetran_synced,TIMESTAMP,YES
app_ad_history,ad_id,INT64,YES
app_ad_history,ad_group_id,INT64,YES
app_ad_history,updated_at,TIMESTAMP,YES
app_ad_history,descriptions,STRING,YES
app_ad_history,headlines,STRING,YES
app_ad_history,mandatory_ad_text,STRING,YES
app_ad_history,_fivetran_synced,TIMESTAMP,YES
app_ad_history,_fivetran_start,TIMESTAMP,YES
app_ad_history,_fivetran_end,TIMESTAMP,YES
app_ad_history,_fivetran_active,BOOL,YES
app_engagement_ad_history,ad_id,INT64,YES
app_engagement_ad_history,ad_group_id,INT64,YES
app_engagement_ad_history,updated_at,TIMESTAMP,YES
app_engagement_ad_history,descriptions,STRING,YES
app_engagement_ad_history,headlines,STRING,YES
app_engagement_ad_history,_fivetran_synced,TIMESTAMP,YES
app_engagement_ad_history,_fivetran_start,TIMESTAMP,YES
app_engagement_ad_history,_fivetran_end,TIMESTAMP,YES
app_engagement_ad_history,_fivetran_active,BOOL,YES
audience,customer_id,INT64,YES
audience,id,INT64,YES
audience,name,STRING,YES
audience,status,STRING,YES
audience,scope,STRING,YES
audience,description,STRING,YES
audience,dimensions,STRING,YES
audience,exclusion_dimension,STRING,YES
audience,_fivetran_synced,TIMESTAMP,YES
audience_stats,customer_id,INT64,YES
audience_stats,date,DATE,YES
audience_stats,_fivetran_id,STRING,YES
audience_stats,campaign_base_campaign,STRING,YES
audience_stats,conversions_value,FLOAT64,YES
audience_stats,conversions,FLOAT64,YES
audience_stats,interactions,INT64,YES
audience_stats,ad_network_type,STRING,YES
audience_stats,interaction_event_types,STRING,YES
audience_stats,campaign_id,INT64,YES
audience_stats,impressions,INT64,YES
audience_stats,ad_group_id,INT64,YES
audience_stats,device,STRING,YES
audience_stats,active_view_viewability,FLOAT64,YES
audience_stats,view_through_conversions,INT64,YES
audience_stats,active_view_impressions,INT64,YES
audience_stats,clicks,INT64,YES
audience_stats,ad_group_criterion_criterion_id,INT64,YES
audience_stats,active_view_measurable_impressions,INT64,YES
audience_stats,active_view_measurable_cost_micros,INT64,YES
audience_stats,active_view_measurability,FLOAT64,YES
audience_stats,ad_group_base_ad_group,STRING,YES
audience_stats,cost_micros,INT64,YES
audience_stats,_fivetran_synced,TIMESTAMP,YES
call_ad_history,ad_id,INT64,YES
call_ad_history,ad_group_id,INT64,YES
call_ad_history,updated_at,TIMESTAMP,YES
call_ad_history,business_name,STRING,YES
call_ad_history,call_tracked,BOOL,YES
call_ad_history,conversion_action,STRING,YES
call_ad_history,conversion_reporting_state,STRING,YES
call_ad_history,country_code,STRING,YES
call_ad_history,description_1,STRING,YES
call_ad_history,description_2,STRING,YES
call_ad_history,disable_call_conversion,BOOL,YES
call_ad_history,headline_1,STRING,YES
call_ad_history,headline_2,STRING,YES
call_ad_history,path_1,STRING,YES
call_ad_history,path_2,STRING,YES
call_ad_history,phone_number,STRING,YES
call_ad_history,phone_number_verification_url,STRING,YES
call_ad_history,_fivetran_synced,TIMESTAMP,YES
call_ad_history,_fivetran_start,TIMESTAMP,YES
call_ad_history,_fivetran_end,TIMESTAMP,YES
call_ad_history,_fivetran_active,BOOL,YES
campaign_app_campaign_setting_history,campaign_id,INT64,YES
campaign_app_campaign_setting_history,updated_at,TIMESTAMP,YES
campaign_app_campaign_setting_history,app_id,STRING,YES
campaign_app_campaign_setting_history,app_store,STRING,YES
campaign_app_campaign_setting_history,bidding_strategy_goal_type,STRING,YES
campaign_app_campaign_setting_history,_fivetran_synced,TIMESTAMP,YES
campaign_app_campaign_setting_history,_fivetran_start,TIMESTAMP,YES
campaign_app_campaign_setting_history,_fivetran_end,TIMESTAMP,YES
campaign_app_campaign_setting_history,_fivetran_active,BOOL,YES
campaign_bid_modifier_history,campaign_id,INT64,YES
campaign_bid_modifier_history,criterion_id,INT64,YES
campaign_bid_modifier_history,updated_at,TIMESTAMP,YES
campaign_bid_modifier_history,bid_modifier,FLOAT64,YES
campaign_bid_modifier_history,interaction_type,STRING,YES
campaign_bid_modifier_history,interaction_event_types,STRING,YES
campaign_bid_modifier_history,_fivetran_synced,TIMESTAMP,YES
campaign_bid_modifier_history,_fivetran_start,TIMESTAMP,YES
campaign_bid_modifier_history,_fivetran_end,TIMESTAMP,YES
campaign_bid_modifier_history,_fivetran_active,BOOL,YES
campaign_bidding_strategy_history,campaign_id,INT64,YES
campaign_bidding_strategy_history,updated_at,TIMESTAMP,YES
campaign_bidding_strategy_history,cpc_bid_ceiling_micros,INT64,YES
campaign_bidding_strategy_history,cpc_bid_floor_micros,INT64,YES
campaign_bidding_strategy_history,enhanced_cpc,STRING,YES
campaign_bidding_strategy_history,enhanced_cpc_enabled,BOOL,YES
campaign_bidding_strategy_history,manual_cpa,STRING,YES
campaign_bidding_strategy_history,manual_cpm,STRING,YES
campaign_bidding_strategy_history,manual_cpv,STRING,YES
campaign_bidding_strategy_history,location,STRING,YES
campaign_bidding_strategy_history,location_fraction_micros,INT64,YES
campaign_bidding_strategy_history,name,STRING,YES
campaign_bidding_strategy_history,status,STRING,YES
campaign_bidding_strategy_history,target_cpa_micros,INT64,YES
campaign_bidding_strategy_history,target_cpm,STRING,YES
campaign_bidding_strategy_history,target_roas,FLOAT64,YES
campaign_bidding_strategy_history,type,STRING,YES
campaign_bidding_strategy_history,_fivetran_synced,TIMESTAMP,YES
campaign_bidding_strategy_history,_fivetran_start,TIMESTAMP,YES
campaign_bidding_strategy_history,_fivetran_end,TIMESTAMP,YES
campaign_bidding_strategy_history,_fivetran_active,BOOL,YES
campaign_budget_history,campaign_id,INT64,YES
campaign_budget_history,id,INT64,YES
campaign_budget_history,updated_at,TIMESTAMP,YES
campaign_budget_history,amount_micros,INT64,YES
campaign_budget_history,delivery_method,STRING,YES
campaign_budget_history,explicitly_shared,BOOL,YES
campaign_budget_history,has_recommended_budget,BOOL,YES
campaign_budget_history,name,STRING,YES
campaign_budget_history,period,STRING,YES
campaign_budget_history,recommended_budget_amount_micros,INT64,YES
campaign_budget_history,reference_count,INT64,YES
campaign_budget_history,status,STRING,YES
campaign_budget_history,total_amount_micros,INT64,YES
campaign_budget_history,type,STRING,YES
campaign_budget_history,_fivetran_synced,TIMESTAMP,YES
campaign_budget_history,_fivetran_start,TIMESTAMP,YES
campaign_budget_history,_fivetran_end,TIMESTAMP,YES
campaign_budget_history,_fivetran_active,BOOL,YES
campaign_conversion_goal_history,campaign_id,INT64,YES
campaign_conversion_goal_history,resource_name,STRING,YES
campaign_conversion_goal_history,updated_at,TIMESTAMP,YES
campaign_conversion_goal_history,biddable,BOOL,YES
campaign_conversion_goal_history,category,STRING,YES
campaign_conversion_goal_history,origin,STRING,YES
campaign_conversion_goal_history,_fivetran_synced,TIMESTAMP,YES
campaign_conversion_goal_history,_fivetran_start,TIMESTAMP,YES
campaign_conversion_goal_history,_fivetran_end,TIMESTAMP,YES
campaign_conversion_goal_history,_fivetran_active,BOOL,YES
campaign_criterion_ad_schedule_history,criterion_id,INT64,YES
campaign_criterion_ad_schedule_history,campaign_id,INT64,YES
campaign_criterion_ad_schedule_history,updated_at,TIMESTAMP,YES
campaign_criterion_ad_schedule_history,day_of_week,STRING,YES
campaign_criterion_ad_schedule_history,end_hour,INT64,YES
campaign_criterion_ad_schedule_history,end_minute,STRING,YES
campaign_criterion_ad_schedule_history,start_hour,INT64,YES
campaign_criterion_ad_schedule_history,start_minute,STRING,YES
campaign_criterion_ad_schedule_history,_fivetran_synced,TIMESTAMP,YES
campaign_criterion_ad_schedule_history,_fivetran_start,TIMESTAMP,YES
campaign_criterion_ad_schedule_history,_fivetran_end,TIMESTAMP,YES
campaign_criterion_ad_schedule_history,_fivetran_active,BOOL,YES
campaign_criterion_history,campaign_id,INT64,YES
campaign_criterion_history,id,INT64,YES
campaign_criterion_history,updated_at,TIMESTAMP,YES
campaign_criterion_history,geo_target_constant_id,INT64,YES
campaign_criterion_history,mobile_device_id,INT64,YES
campaign_criterion_history,operating_system_version_id,INT64,YES
campaign_criterion_history,user_interest_id,INT64,YES
campaign_criterion_history,user_list_id,INT64,YES
campaign_criterion_history,age_range_type,STRING,YES
campaign_criterion_history,bid_modifier,FLOAT64,YES
campaign_criterion_history,carrier_country_code,STRING,YES
campaign_criterion_history,carrier_name,STRING,YES
campaign_criterion_history,content_label_type,STRING,YES
campaign_criterion_history,device_type,STRING,YES
campaign_criterion_history,display_name,STRING,YES
campaign_criterion_history,gender_type,STRING,YES
campaign_criterion_history,income_range_type,STRING,YES
campaign_criterion_history,ip_block_ip_address,STRING,YES
campaign_criterion_history,keyword_match_type,STRING,YES
campaign_criterion_history,keyword_text,STRING,YES
campaign_criterion_history,language_code,STRING,YES
campaign_criterion_history,language_name,STRING,YES
campaign_criterion_history,mobile_app_category_constant_id,INT64,YES
campaign_criterion_history,mobile_app_category_constant_name,STRING,YES
campaign_criterion_history,mobile_application_app_id,STRING,YES
campaign_criterion_history,mobile_application_name,STRING,YES
campaign_criterion_history,negative,BOOL,YES
campaign_criterion_history,parental_status_type,STRING,YES
campaign_criterion_history,placement_url,STRING,YES
campaign_criterion_history,status,STRING,YES
campaign_criterion_history,topic_constant_id,INT64,YES
campaign_criterion_history,type,STRING,YES
campaign_criterion_history,youtube_channel_id,STRING,YES
campaign_criterion_history,youtube_video_id,STRING,YES
campaign_criterion_history,_fivetran_synced,TIMESTAMP,YES
campaign_criterion_history,_fivetran_start,TIMESTAMP,YES
campaign_criterion_history,_fivetran_end,TIMESTAMP,YES
campaign_criterion_history,_fivetran_active,BOOL,YES
campaign_criterion_listing_scope_dimension_history,sequence_id,INT64,YES
campaign_criterion_listing_scope_dimension_history,criterion_id,INT64,YES
campaign_criterion_listing_scope_dimension_history,campaign_id,INT64,YES
campaign_criterion_listing_scope_dimension_history,updated_at,TIMESTAMP,YES
campaign_criterion_listing_scope_dimension_history,hotel_city_criterion_id,INT64,YES
campaign_criterion_listing_scope_dimension_history,hotel_class,INT64,YES
campaign_criterion_listing_scope_dimension_history,hotel_country_region_criterion_id,INT64,YES
campaign_criterion_listing_scope_dimension_history,hotel_id,STRING,YES
campaign_criterion_listing_scope_dimension_history,hotel_state_criterion_id,INT64,YES
campaign_criterion_listing_scope_dimension_history,product_category_country_code,STRING,YES
campaign_criterion_listing_scope_dimension_history,product_category_id,INT64,YES
campaign_criterion_listing_scope_dimension_history,product_category_level,STRING,YES
campaign_criterion_listing_scope_dimension_history,product_brand_value,STRING,YES
campaign_criterion_listing_scope_dimension_history,product_channel,STRING,YES
campaign_criterion_listing_scope_dimension_history,product_channel_exclusivity,STRING,YES
campaign_criterion_listing_scope_dimension_history,product_condition,STRING,YES
campaign_criterion_listing_scope_dimension_history,product_custom_attribute_value,STRING,YES
campaign_criterion_listing_scope_dimension_history,product_item_id,STRING,YES
campaign_criterion_listing_scope_dimension_history,product_type_value,STRING,YES
campaign_criterion_listing_scope_dimension_history,_fivetran_synced,TIMESTAMP,YES
campaign_criterion_listing_scope_dimension_history,_fivetran_start,TIMESTAMP,YES
campaign_criterion_listing_scope_dimension_history,_fivetran_end,TIMESTAMP,YES
campaign_criterion_listing_scope_dimension_history,_fivetran_active,BOOL,YES
campaign_criterion_proximity_history,criterion_id,INT64,YES
campaign_criterion_proximity_history,campaign_id,INT64,YES
campaign_criterion_proximity_history,updated_at,TIMESTAMP,YES
campaign_criterion_proximity_history,city_name,STRING,YES
campaign_criterion_proximity_history,country_code,STRING,YES
campaign_criterion_proximity_history,geo_point_latitude_in_micro_degrees,INT64,YES
campaign_criterion_proximity_history,geo_point_longitude_in_micro_degrees,INT64,YES
campaign_criterion_proximity_history,postal_code,STRING,YES
campaign_criterion_proximity_history,province_code,STRING,YES
campaign_criterion_proximity_history,province_name,STRING,YES
campaign_criterion_proximity_history,radius,FLOAT64,YES
campaign_criterion_proximity_history,radius_units,STRING,YES
campaign_criterion_proximity_history,street_address,STRING,YES
campaign_criterion_proximity_history,_fivetran_synced,TIMESTAMP,YES
campaign_criterion_proximity_history,_fivetran_start,TIMESTAMP,YES
campaign_criterion_proximity_history,_fivetran_end,TIMESTAMP,YES
campaign_criterion_proximity_history,_fivetran_active,BOOL,YES
campaign_dynamic_search_ads_setting_history,campaign_id,INT64,YES
campaign_dynamic_search_ads_setting_history,updated_at,TIMESTAMP,YES
campaign_dynamic_search_ads_setting_history,domain_name,STRING,YES
campaign_dynamic_search_ads_setting_history,language_code,STRING,YES
campaign_dynamic_search_ads_setting_history,use_supplied_urls_only,BOOL,YES
campaign_dynamic_search_ads_setting_history,_fivetran_synced,TIMESTAMP,YES
campaign_dynamic_search_ads_setting_history,_fivetran_start,TIMESTAMP,YES
campaign_dynamic_search_ads_setting_history,_fivetran_end,TIMESTAMP,YES
campaign_dynamic_search_ads_setting_history,_fivetran_active,BOOL,YES
campaign_geo_target_type_setting_history,campaign_id,INT64,YES
campaign_geo_target_type_setting_history,updated_at,TIMESTAMP,YES
campaign_geo_target_type_setting_history,negative_geo_target_type,STRING,YES
campaign_geo_target_type_setting_history,positive_geo_target_type,STRING,YES
campaign_geo_target_type_setting_history,_fivetran_synced,TIMESTAMP,YES
campaign_geo_target_type_setting_history,_fivetran_start,TIMESTAMP,YES
campaign_geo_target_type_setting_history,_fivetran_end,TIMESTAMP,YES
campaign_geo_target_type_setting_history,_fivetran_active,BOOL,YES
campaign_history,id,INT64,YES
campaign_history,updated_at,TIMESTAMP,YES
campaign_history,customer_id,INT64,YES
campaign_history,base_campaign_id,INT64,YES
campaign_history,ad_serving_optimization_status,STRING,YES
campaign_history,advertising_channel_subtype,STRING,YES
campaign_history,advertising_channel_type,STRING,YES
campaign_history,experiment_type,STRING,YES
campaign_history,end_date,STRING,YES
campaign_history,final_url_suffix,STRING,YES
campaign_history,frequency_caps,STRING,YES
campaign_history,name,STRING,YES
campaign_history,optimization_score,FLOAT64,YES
campaign_history,payment_mode,STRING,YES
campaign_history,serving_status,STRING,YES
campaign_history,start_date,STRING,YES
campaign_history,status,STRING,YES
campaign_history,tracking_url_template,STRING,YES
campaign_history,vanity_pharma_display_url_mode,STRING,YES
campaign_history,vanity_pharma_text,STRING,YES
campaign_history,video_brand_safety_suitability,STRING,YES
campaign_history,_fivetran_synced,TIMESTAMP,YES
campaign_history,_fivetran_start,TIMESTAMP,YES
campaign_history,_fivetran_end,TIMESTAMP,YES
campaign_history,_fivetran_active,BOOL,YES
campaign_hotel_setting_history,campaign_id,INT64,YES
campaign_hotel_setting_history,updated_at,TIMESTAMP,YES
campaign_hotel_setting_history,hotel_center_id,INT64,YES
campaign_hotel_setting_history,_fivetran_synced,TIMESTAMP,YES
campaign_hotel_setting_history,_fivetran_start,TIMESTAMP,YES
campaign_hotel_setting_history,_fivetran_end,TIMESTAMP,YES
campaign_hotel_setting_history,_fivetran_active,BOOL,YES
campaign_hourly_stats,customer_id,INT64,YES
campaign_hourly_stats,date,DATE,YES
campaign_hourly_stats,_fivetran_id,STRING,YES
campaign_hourly_stats,base_campaign,STRING,YES
campaign_hourly_stats,click_type,STRING,YES
campaign_hourly_stats,conversions,FLOAT64,YES
campaign_hourly_stats,month,DATE,YES
campaign_hourly_stats,interactions,INT64,YES
campaign_hourly_stats,year,INT64,YES
campaign_hourly_stats,average_cpm,FLOAT64,YES
campaign_hourly_stats,interaction_event_types,STRING,YES
campaign_hourly_stats,id,INT64,YES
campaign_hourly_stats,device,STRING,YES
campaign_hourly_stats,week,DATE,YES
campaign_hourly_stats,active_view_impressions,INT64,YES
campaign_hourly_stats,clicks,INT64,YES
campaign_hourly_stats,active_view_measurable_impressions,INT64,YES
campaign_hourly_stats,quarter,DATE,YES
campaign_hourly_stats,day_of_week,STRING,YES
campaign_hourly_stats,cost_per_conversion,FLOAT64,YES
campaign_hourly_stats,average_cpc,FLOAT64,YES
campaign_hourly_stats,active_view_measurability,FLOAT64,YES
campaign_hourly_stats,ctr,FLOAT64,YES
campaign_hourly_stats,conversions_value,FLOAT64,YES
campaign_hourly_stats,average_cost,FLOAT64,YES
campaign_hourly_stats,ad_network_type,STRING,YES
campaign_hourly_stats,impressions,INT64,YES
campaign_hourly_stats,active_view_viewability,FLOAT64,YES
campaign_hourly_stats,value_per_conversion,FLOAT64,YES
campaign_hourly_stats,hour,INT64,YES
campaign_hourly_stats,active_view_cpm,FLOAT64,YES
campaign_hourly_stats,active_view_ctr,FLOAT64,YES
campaign_hourly_stats,active_view_measurable_cost_micros,INT64,YES
campaign_hourly_stats,conversions_from_interactions_rate,FLOAT64,YES
campaign_hourly_stats,cost_micros,INT64,YES
campaign_hourly_stats,_fivetran_synced,TIMESTAMP,YES
campaign_label_history,campaign_id,INT64,YES
campaign_label_history,updated_at,TIMESTAMP,YES
campaign_label_history,label_id,INT64,YES
campaign_label_history,_fivetran_synced,TIMESTAMP,YES
campaign_label_history,_fivetran_start,TIMESTAMP,YES
campaign_label_history,_fivetran_end,TIMESTAMP,YES
campaign_label_history,_fivetran_active,BOOL,YES
campaign_local_setting_history,campaign_id,INT64,YES
campaign_local_setting_history,updated_at,TIMESTAMP,YES
campaign_local_setting_history,location_source_type,STRING,YES
campaign_local_setting_history,_fivetran_synced,TIMESTAMP,YES
campaign_local_setting_history,_fivetran_start,TIMESTAMP,YES
campaign_local_setting_history,_fivetran_end,TIMESTAMP,YES
campaign_local_setting_history,_fivetran_active,BOOL,YES
campaign_network_setting_history,campaign_id,INT64,YES
campaign_network_setting_history,updated_at,TIMESTAMP,YES
campaign_network_setting_history,target_content_network,BOOL,YES
campaign_network_setting_history,target_google_search,BOOL,YES
campaign_network_setting_history,target_partner_search_network,BOOL,YES
campaign_network_setting_history,target_search_network,BOOL,YES
campaign_network_setting_history,_fivetran_synced,TIMESTAMP,YES
campaign_network_setting_history,_fivetran_start,TIMESTAMP,YES
campaign_network_setting_history,_fivetran_end,TIMESTAMP,YES
campaign_network_setting_history,_fivetran_active,BOOL,YES
campaign_optimization_goal_setting_history,sequence_id,INT64,YES
campaign_optimization_goal_setting_history,campaign_id,INT64,YES
campaign_optimization_goal_setting_history,updated_at,TIMESTAMP,YES
campaign_optimization_goal_setting_history,optimization_goal_type,STRING,YES
campaign_optimization_goal_setting_history,_fivetran_synced,TIMESTAMP,YES
campaign_optimization_goal_setting_history,_fivetran_start,TIMESTAMP,YES
campaign_optimization_goal_setting_history,_fivetran_end,TIMESTAMP,YES
campaign_optimization_goal_setting_history,_fivetran_active,BOOL,YES
campaign_real_time_bidding_setting_history,campaign_id,INT64,YES
campaign_real_time_bidding_setting_history,updated_at,TIMESTAMP,YES
campaign_real_time_bidding_setting_history,opt_in,BOOL,YES
campaign_real_time_bidding_setting_history,_fivetran_synced,TIMESTAMP,YES
campaign_real_time_bidding_setting_history,_fivetran_start,TIMESTAMP,YES
campaign_real_time_bidding_setting_history,_fivetran_end,TIMESTAMP,YES
campaign_real_time_bidding_setting_history,_fivetran_active,BOOL,YES
campaign_shared_set_history,campaig_id,INT64,YES
campaign_shared_set_history,updated_at,TIMESTAMP,YES
campaign_shared_set_history,shared_set_id,INT64,YES
campaign_shared_set_history,status,STRING,YES
campaign_shared_set_history,campaign_id,INT64,YES
campaign_shared_set_history,_fivetran_synced,TIMESTAMP,YES
campaign_shared_set_history,_fivetran_start,TIMESTAMP,YES
campaign_shared_set_history,_fivetran_end,TIMESTAMP,YES
campaign_shared_set_history,_fivetran_active,BOOL,YES
campaign_shopping_setting_history,campaign_id,INT64,YES
campaign_shopping_setting_history,updated_at,TIMESTAMP,YES
campaign_shopping_setting_history,campaign_priority,INT64,YES
campaign_shopping_setting_history,enable_local,BOOL,YES
campaign_shopping_setting_history,merchant_id,INT64,YES
campaign_shopping_setting_history,feed_label,STRING,YES
campaign_shopping_setting_history,_fivetran_synced,TIMESTAMP,YES
campaign_shopping_setting_history,_fivetran_start,TIMESTAMP,YES
campaign_shopping_setting_history,_fivetran_end,TIMESTAMP,YES
campaign_shopping_setting_history,_fivetran_active,BOOL,YES
campaign_stats,customer_id,INT64,YES
campaign_stats,date,DATE,YES
campaign_stats,_fivetran_id,STRING,YES
campaign_stats,base_campaign,STRING,YES
campaign_stats,conversions_value,FLOAT64,YES
campaign_stats,conversions,FLOAT64,YES
campaign_stats,interactions,INT64,YES
campaign_stats,ad_network_type,STRING,YES
campaign_stats,interaction_event_types,STRING,YES
campaign_stats,id,INT64,YES
campaign_stats,impressions,INT64,YES
campaign_stats,view_through_conversions,INT64,YES
campaign_stats,device,STRING,YES
campaign_stats,active_view_viewability,FLOAT64,YES
campaign_stats,active_view_impressions,INT64,YES
campaign_stats,clicks,INT64,YES
campaign_stats,active_view_measurable_impressions,INT64,YES
campaign_stats,active_view_measurable_cost_micros,INT64,YES
campaign_stats,active_view_measurability,FLOAT64,YES
campaign_stats,cost_micros,INT64,YES
campaign_stats,_fivetran_synced,TIMESTAMP,YES
campaign_targeting_setting_history,campaign_id,INT64,YES
campaign_targeting_setting_history,sequence_id,INT64,YES
campaign_targeting_setting_history,updated_at,TIMESTAMP,YES
campaign_targeting_setting_history,targeting_dimension,STRING,YES
campaign_targeting_setting_history,bid_only,BOOL,YES
campaign_targeting_setting_history,_fivetran_synced,TIMESTAMP,YES
campaign_targeting_setting_history,_fivetran_start,TIMESTAMP,YES
campaign_targeting_setting_history,_fivetran_end,TIMESTAMP,YES
campaign_targeting_setting_history,_fivetran_active,BOOL,YES
campaign_tracking_setting_history,campaign_id,INT64,YES
campaign_tracking_setting_history,updated_at,TIMESTAMP,YES
campaign_tracking_setting_history,tracking_url,STRING,YES
campaign_tracking_setting_history,_fivetran_synced,TIMESTAMP,YES
campaign_tracking_setting_history,_fivetran_start,TIMESTAMP,YES
campaign_tracking_setting_history,_fivetran_end,TIMESTAMP,YES
campaign_tracking_setting_history,_fivetran_active,BOOL,YES
click_stats,customer_id,INT64,YES
click_stats,date,DATE,YES
click_stats,_fivetran_id,STRING,YES
click_stats,clicks,INT64,YES
click_stats,gclid,STRING,YES
click_stats,campaign_id,INT64,YES
click_stats,ad_group_id,INT64,YES
click_stats,_fivetran_synced,TIMESTAMP,YES
combined_audience,id,INT64,YES
combined_audience,name,STRING,YES
combined_audience,customer_id,INT64,YES
combined_audience,status,STRING,YES
combined_audience,description,STRING,YES
combined_audience,_fivetran_synced,TIMESTAMP,YES
custom_audience,customer_id,INT64,YES
custom_audience,id,INT64,YES
custom_audience,name,STRING,YES
custom_audience,status,STRING,YES
custom_audience,description,STRING,YES
custom_audience,type,STRING,YES
custom_audience,members,STRING,YES
custom_audience,_fivetran_synced,TIMESTAMP,YES
demand_gen_carousel_ad_history,ad_id,INT64,YES
demand_gen_carousel_ad_history,ad_group_id,INT64,YES
demand_gen_carousel_ad_history,updated_at,TIMESTAMP,YES
demand_gen_carousel_ad_history,business_name,STRING,YES
demand_gen_carousel_ad_history,headline,STRING,YES
demand_gen_carousel_ad_history,description,STRING,YES
demand_gen_carousel_ad_history,call_to_action_text,STRING,YES
demand_gen_carousel_ad_history,carousel_cards,STRING,YES
demand_gen_carousel_ad_history,_fivetran_synced,TIMESTAMP,YES
demand_gen_carousel_ad_history,_fivetran_start,TIMESTAMP,YES
demand_gen_carousel_ad_history,_fivetran_end,TIMESTAMP,YES
demand_gen_carousel_ad_history,_fivetran_active,BOOL,YES
demand_gen_multi_asset_ad_history,ad_group_id,INT64,YES
demand_gen_multi_asset_ad_history,ad_id,INT64,YES
demand_gen_multi_asset_ad_history,updated_at,TIMESTAMP,YES
demand_gen_multi_asset_ad_history,business_name,STRING,YES
demand_gen_multi_asset_ad_history,headlines,STRING,YES
demand_gen_multi_asset_ad_history,descriptions,STRING,YES
demand_gen_multi_asset_ad_history,call_to_action_text,STRING,YES
demand_gen_multi_asset_ad_history,lead_form_only,BOOL,YES
demand_gen_multi_asset_ad_history,_fivetran_synced,TIMESTAMP,YES
demand_gen_multi_asset_ad_history,_fivetran_start,TIMESTAMP,YES
demand_gen_multi_asset_ad_history,_fivetran_end,TIMESTAMP,YES
demand_gen_multi_asset_ad_history,_fivetran_active,BOOL,YES
demand_gen_product_ad_history,ad_id,INT64,YES
demand_gen_product_ad_history,ad_group_id,INT64,YES
demand_gen_product_ad_history,updated_at,TIMESTAMP,YES
demand_gen_product_ad_history,breadcrumb_1,STRING,YES
demand_gen_product_ad_history,breadcrumb_2,STRING,YES
demand_gen_product_ad_history,business_name,STRING,YES
demand_gen_product_ad_history,call_to_action_asset,STRING,YES
demand_gen_product_ad_history,description,STRING,YES
demand_gen_product_ad_history,headline,STRING,YES
demand_gen_product_ad_history,logo_image_asset,STRING,YES
demand_gen_product_ad_history,_fivetran_synced,TIMESTAMP,YES
demand_gen_product_ad_history,_fivetran_start,TIMESTAMP,YES
demand_gen_product_ad_history,_fivetran_end,TIMESTAMP,YES
demand_gen_product_ad_history,_fivetran_active,BOOL,YES
display_upload_ad_history,ad_id,INT64,YES
display_upload_ad_history,ad_group_id,INT64,YES
display_upload_ad_history,updated_at,TIMESTAMP,YES
display_upload_ad_history,display_upload_product_type,STRING,YES
display_upload_ad_history,_fivetran_synced,TIMESTAMP,YES
display_upload_ad_history,_fivetran_start,TIMESTAMP,YES
display_upload_ad_history,_fivetran_end,TIMESTAMP,YES
display_upload_ad_history,_fivetran_active,BOOL,YES
expanded_dynamic_search_ad_history,ad_group_id,INT64,YES
expanded_dynamic_search_ad_history,ad_id,INT64,YES
expanded_dynamic_search_ad_history,updated_at,TIMESTAMP,YES
expanded_dynamic_search_ad_history,description,STRING,YES
expanded_dynamic_search_ad_history,description_2,STRING,YES
expanded_dynamic_search_ad_history,_fivetran_synced,TIMESTAMP,YES
expanded_dynamic_search_ad_history,_fivetran_start,TIMESTAMP,YES
expanded_dynamic_search_ad_history,_fivetran_end,TIMESTAMP,YES
expanded_dynamic_search_ad_history,_fivetran_active,BOOL,YES
expanded_text_ad_history,ad_id,INT64,YES
expanded_text_ad_history,ad_group_id,INT64,YES
expanded_text_ad_history,updated_at,TIMESTAMP,YES
expanded_text_ad_history,description,STRING,YES
expanded_text_ad_history,description_2,STRING,YES
expanded_text_ad_history,headline_part_1,STRING,YES
expanded_text_ad_history,headline_part_2,STRING,YES
expanded_text_ad_history,headline_part_3,STRING,YES
expanded_text_ad_history,path_1,STRING,YES
expanded_text_ad_history,path_2,STRING,YES
expanded_text_ad_history,_fivetran_synced,TIMESTAMP,YES
expanded_text_ad_history,_fivetran_start,TIMESTAMP,YES
expanded_text_ad_history,_fivetran_end,TIMESTAMP,YES
expanded_text_ad_history,_fivetran_active,BOOL,YES
geo_target,id,INT64,YES
geo_target,parent_geo_target_id,INT64,YES
geo_target,canonical_name,STRING,YES
geo_target,country_code,STRING,YES
geo_target,name,STRING,YES
geo_target,status,STRING,YES
geo_target,target_type,STRING,YES
geo_target,_fivetran_synced,TIMESTAMP,YES
hotel_ad_history,ad_id,INT64,YES
hotel_ad_history,ad_group_id,INT64,YES
hotel_ad_history,updated_at,TIMESTAMP,YES
hotel_ad_history,hotel_ad,STRING,YES
hotel_ad_history,_fivetran_synced,TIMESTAMP,YES
hotel_ad_history,_fivetran_start,TIMESTAMP,YES
hotel_ad_history,_fivetran_end,TIMESTAMP,YES
hotel_ad_history,_fivetran_active,BOOL,YES
image_ad_history,ad_id,INT64,YES
image_ad_history,ad_group_id,INT64,YES
image_ad_history,updated_at,TIMESTAMP,YES
image_ad_history,image_url,STRING,YES
image_ad_history,mime_type,STRING,YES
image_ad_history,name,STRING,YES
image_ad_history,pixel_height,INT64,YES
image_ad_history,pixel_width,INT64,YES
image_ad_history,preview_image_url,STRING,YES
image_ad_history,preview_pixel_height,INT64,YES
image_ad_history,preview_pixel_width,INT64,YES
image_ad_history,_fivetran_synced,TIMESTAMP,YES
image_ad_history,_fivetran_start,TIMESTAMP,YES
image_ad_history,_fivetran_end,TIMESTAMP,YES
image_ad_history,_fivetran_active,BOOL,YES
keyword_stats,customer_id,INT64,YES
keyword_stats,date,DATE,YES
keyword_stats,_fivetran_id,STRING,YES
keyword_stats,campaign_base_campaign,STRING,YES
keyword_stats,conversions_value,FLOAT64,YES
keyword_stats,conversions,FLOAT64,YES
keyword_stats,interactions,INT64,YES
keyword_stats,ad_network_type,STRING,YES
keyword_stats,interaction_event_types,STRING,YES
keyword_stats,campaign_id,INT64,YES
keyword_stats,impressions,INT64,YES
keyword_stats,ad_group_id,INT64,YES
keyword_stats,device,STRING,YES
keyword_stats,active_view_viewability,FLOAT64,YES
keyword_stats,view_through_conversions,INT64,YES
keyword_stats,active_view_impressions,INT64,YES
keyword_stats,clicks,INT64,YES
keyword_stats,ad_group_criterion_criterion_id,INT64,YES
keyword_stats,active_view_measurable_impressions,INT64,YES
keyword_stats,active_view_measurable_cost_micros,INT64,YES
keyword_stats,active_view_measurability,FLOAT64,YES
keyword_stats,ad_group_base_ad_group,STRING,YES
keyword_stats,cost_micros,INT64,YES
keyword_stats,_fivetran_synced,TIMESTAMP,YES
label,id,INT64,YES
label,name,STRING,YES
label,status,STRING,YES
label,text_label_background_color,STRING,YES
label,text_label_description,STRING,YES
label,_fivetran_synced,TIMESTAMP,YES
landing_page_stats,campaign_id,INT64,YES
landing_page_stats,impressions,INT64,YES
landing_page_stats,mobile_friendly_clicks_percentage,FLOAT64,YES
landing_page_stats,ad_group_id,INT64,YES
landing_page_stats,clicks,INT64,YES
landing_page_stats,customer_id,INT64,YES
landing_page_stats,resource_name,STRING,YES
landing_page_stats,unexpanded_final_url,STRING,YES
landing_page_stats,speed_score,INT64,YES
landing_page_stats,average_cpc,FLOAT64,YES
landing_page_stats,valid_accelerated_mobile_pages_clicks_percentage,FLOAT64,YES
landing_page_stats,ctr,FLOAT64,YES
landing_page_stats,cost_micros,INT64,YES
landing_page_stats,date,DATE,YES
landing_page_stats,_fivetran_id,STRING,YES
landing_page_stats,_fivetran_synced,TIMESTAMP,YES
lead_form_submission_data,customer_id,INT64,YES
lead_form_submission_data,id,STRING,YES
lead_form_submission_data,submission_date_time,DATETIME,YES
lead_form_submission_data,resource_name,STRING,YES
lead_form_submission_data,custom_lead_form_submission_fields,STRING,YES
lead_form_submission_data,ad_id,INT64,YES
lead_form_submission_data,campaign_id,INT64,YES
lead_form_submission_data,lead_form_submission_fields,STRING,YES
lead_form_submission_data,ad_group_id,INT64,YES
lead_form_submission_data,gclid,STRING,YES
lead_form_submission_data,_fivetran_synced,TIMESTAMP,YES
legacy_app_install_ad_history,ad_id,INT64,YES
legacy_app_install_ad_history,ad_group_id,INT64,YES
legacy_app_install_ad_history,updated_at,TIMESTAMP,YES
legacy_app_install_ad_history,app_store,STRING,YES
legacy_app_install_ad_history,app_id,STRING,YES
legacy_app_install_ad_history,headline,STRING,YES
legacy_app_install_ad_history,description_1,STRING,YES
legacy_app_install_ad_history,description_2,STRING,YES
legacy_app_install_ad_history,_fivetran_synced,TIMESTAMP,YES
legacy_app_install_ad_history,_fivetran_start,TIMESTAMP,YES
legacy_app_install_ad_history,_fivetran_end,TIMESTAMP,YES
legacy_app_install_ad_history,_fivetran_active,BOOL,YES
legacy_responsive_display_ad_history,ad_id,INT64,YES
legacy_responsive_display_ad_history,ad_group_id,INT64,YES
legacy_responsive_display_ad_history,updated_at,TIMESTAMP,YES
legacy_responsive_display_ad_history,accent_color,STRING,YES
legacy_responsive_display_ad_history,allow_flexible_color,BOOL,YES
legacy_responsive_display_ad_history,business_name,STRING,YES
legacy_responsive_display_ad_history,call_to_action_text,STRING,YES
legacy_responsive_display_ad_history,description,STRING,YES
legacy_responsive_display_ad_history,format_setting,STRING,YES
legacy_responsive_display_ad_history,long_headline,STRING,YES
legacy_responsive_display_ad_history,main_color,STRING,YES
legacy_responsive_display_ad_history,price_prefix,STRING,YES
legacy_responsive_display_ad_history,promo_text,STRING,YES
legacy_responsive_display_ad_history,short_headline,STRING,YES
legacy_responsive_display_ad_history,_fivetran_synced,TIMESTAMP,YES
legacy_responsive_display_ad_history,_fivetran_start,TIMESTAMP,YES
legacy_responsive_display_ad_history,_fivetran_end,TIMESTAMP,YES
legacy_responsive_display_ad_history,_fivetran_active,BOOL,YES
local_ad_history,ad_id,INT64,YES
local_ad_history,ad_group_id,INT64,YES
local_ad_history,updated_at,TIMESTAMP,YES
local_ad_history,call_to_actions,STRING,YES
local_ad_history,descriptions,STRING,YES
local_ad_history,headlines,STRING,YES
local_ad_history,path_1,STRING,YES
local_ad_history,path_2,STRING,YES
local_ad_history,_fivetran_synced,TIMESTAMP,YES
local_ad_history,_fivetran_start,TIMESTAMP,YES
local_ad_history,_fivetran_end,TIMESTAMP,YES
local_ad_history,_fivetran_active,BOOL,YES
local_services_lead,note_edit_date_time,DATETIME,YES
local_services_lead,category_id,STRING,YES
local_services_lead,credit_details_credit_state,STRING,YES
local_services_lead,creation_date_time,DATETIME,YES
local_services_lead,service_id,STRING,YES
local_services_lead,id,INT64,YES
local_services_lead,lead_charged,BOOL,YES
local_services_lead,lead_status,STRING,YES
local_services_lead,customer_id,INT64,YES
local_services_lead,credit_details_credit_state_last_update_date_time,DATETIME,YES
local_services_lead,contact_details,STRING,YES
local_services_lead,locale,STRING,YES
local_services_lead,note_description,STRING,YES
local_services_lead,lead_type,STRING,YES
local_services_lead,_fivetran_synced,TIMESTAMP,YES
local_services_lead_conversations,message_details_attachment_urls,STRING,YES
local_services_lead_conversations,conversation_channel,STRING,YES
local_services_lead_conversations,customer_id,INT64,YES
local_services_lead_conversations,phone_call_details_call_duration_millis,INT64,YES
local_services_lead_conversations,participant_type,STRING,YES
local_services_lead_conversations,phone_call_details_call_recording_url,STRING,YES
local_services_lead_conversations,event_date_time,DATETIME,YES
local_services_lead_conversations,id,INT64,YES
local_services_lead_conversations,local_services_lead_id,INT64,YES
local_services_lead_conversations,message_details_text,STRING,YES
local_services_lead_conversations,_fivetran_synced,TIMESTAMP,YES
mobile_device,id,INT64,YES
mobile_device,manufacturer_name,STRING,YES
mobile_device,name,STRING,YES
mobile_device,operating_system_name,STRING,YES
mobile_device,type,STRING,YES
mobile_device,_fivetran_synced,TIMESTAMP,YES
operating_system_version,id,INT64,YES
operating_system_version,name,STRING,YES
operating_system_version,operator_type,STRING,YES
operating_system_version,os_major_version,INT64,YES
operating_system_version,os_minor_version,INT64,YES
operating_system_version,_fivetran_synced,TIMESTAMP,YES
responsive_display_ad_history,ad_group_id,INT64,YES
responsive_display_ad_history,ad_id,INT64,YES
responsive_display_ad_history,updated_at,TIMESTAMP,YES
responsive_display_ad_history,accent_color,STRING,YES
responsive_display_ad_history,allow_flexible_color,BOOL,YES
responsive_display_ad_history,business_name,STRING,YES
responsive_display_ad_history,call_to_action_text,STRING,YES
responsive_display_ad_history,descriptions,STRING,YES
responsive_display_ad_history,enable_asset_enhancements,BOOL,YES
responsive_display_ad_history,enable_autogen_video,BOOL,YES
responsive_display_ad_history,format_setting,STRING,YES
responsive_display_ad_history,headlines,STRING,YES
responsive_display_ad_history,long_headline,STRING,YES
responsive_display_ad_history,main_color,STRING,YES
responsive_display_ad_history,price_prefix,STRING,YES
responsive_display_ad_history,promo_text,STRING,YES
responsive_display_ad_history,_fivetran_synced,TIMESTAMP,YES
responsive_display_ad_history,_fivetran_start,TIMESTAMP,YES
responsive_display_ad_history,_fivetran_end,TIMESTAMP,YES
responsive_display_ad_history,_fivetran_active,BOOL,YES
responsive_search_ad_history,ad_group_id,INT64,YES
responsive_search_ad_history,ad_id,INT64,YES
responsive_search_ad_history,updated_at,TIMESTAMP,YES
responsive_search_ad_history,descriptions,STRING,YES
responsive_search_ad_history,headlines,STRING,YES
responsive_search_ad_history,path_1,STRING,YES
responsive_search_ad_history,path_2,STRING,YES
responsive_search_ad_history,_fivetran_synced,TIMESTAMP,YES
responsive_search_ad_history,_fivetran_start,TIMESTAMP,YES
responsive_search_ad_history,_fivetran_end,TIMESTAMP,YES
responsive_search_ad_history,_fivetran_active,BOOL,YES
search_keyword_stats,customer_id,INT64,YES
search_keyword_stats,date,DATE,YES
search_keyword_stats,_fivetran_id,STRING,YES
search_keyword_stats,conversions_value,FLOAT64,YES
search_keyword_stats,resource_name,STRING,YES
search_keyword_stats,average_cpm,FLOAT64,YES
search_keyword_stats,campaign_id,INT64,YES
search_keyword_stats,impressions,INT64,YES
search_keyword_stats,view_through_conversions,INT64,YES
search_keyword_stats,ad_group_id,INT64,YES
search_keyword_stats,absolute_top_impression_percentage,FLOAT64,YES
search_keyword_stats,clicks,INT64,YES
search_keyword_stats,ad_group_criterion_criterion_id,INT64,YES
search_keyword_stats,top_impression_percentage,FLOAT64,YES
search_keyword_stats,average_cpc,FLOAT64,YES
search_keyword_stats,ctr,FLOAT64,YES
search_keyword_stats,conversions_from_interactions_rate,FLOAT64,YES
search_keyword_stats,cost_micros,INT64,YES
search_keyword_stats,_fivetran_synced,TIMESTAMP,YES
search_term_keyword_stats,customer_id,INT64,YES
search_term_keyword_stats,date,DATE,YES
search_term_keyword_stats,_fivetran_id,STRING,YES
search_term_keyword_stats,resource_name,STRING,YES
search_term_keyword_stats,search_term,STRING,YES
search_term_keyword_stats,conversions_value,FLOAT64,YES
search_term_keyword_stats,conversions,FLOAT64,YES
search_term_keyword_stats,campaign_id,INT64,YES
search_term_keyword_stats,search_term_match_type,STRING,YES
search_term_keyword_stats,impressions,INT64,YES
search_term_keyword_stats,ad_group_id,INT64,YES
search_term_keyword_stats,view_through_conversions,INT64,YES
search_term_keyword_stats,absolute_top_impression_percentage,FLOAT64,YES
search_term_keyword_stats,clicks,INT64,YES
search_term_keyword_stats,keyword_ad_group_criterion,STRING,YES
search_term_keyword_stats,top_impression_percentage,FLOAT64,YES
search_term_keyword_stats,status,STRING,YES
search_term_keyword_stats,info_text,STRING,YES
search_term_keyword_stats,conversions_from_interactions_value_per_interaction,FLOAT64,YES
search_term_keyword_stats,average_cpc,FLOAT64,YES
search_term_keyword_stats,ctr,FLOAT64,YES
search_term_keyword_stats,conversions_from_interactions_rate,FLOAT64,YES
search_term_keyword_stats,cost_micros,INT64,YES
search_term_keyword_stats,_fivetran_synced,TIMESTAMP,YES
search_term_stats,customer_id,INT64,YES
search_term_stats,date,DATE,YES
search_term_stats,_fivetran_id,STRING,YES
search_term_stats,resource_name,STRING,YES
search_term_stats,search_term,STRING,YES
search_term_stats,conversions,FLOAT64,YES
search_term_stats,search_term_match_type,STRING,YES
search_term_stats,campaign_id,INT64,YES
search_term_stats,impressions,INT64,YES
search_term_stats,ad_group_id,INT64,YES
search_term_stats,view_through_conversions,INT64,YES
search_term_stats,absolute_top_impression_percentage,FLOAT64,YES
search_term_stats,clicks,INT64,YES
search_term_stats,top_impression_percentage,FLOAT64,YES
search_term_stats,status,STRING,YES
search_term_stats,conversions_from_interactions_value_per_interaction,FLOAT64,YES
search_term_stats,average_cpc,FLOAT64,YES
search_term_stats,ctr,FLOAT64,YES
search_term_stats,conversions_from_interactions_rate,FLOAT64,YES
search_term_stats,cost_micros,INT64,YES
search_term_stats,_fivetran_synced,TIMESTAMP,YES
shared_criterion_history,id,INT64,YES
shared_criterion_history,updated_at,TIMESTAMP,YES
shared_criterion_history,shared_set_id,INT64,YES
shared_criterion_history,keyword_match_type,STRING,YES
shared_criterion_history,keyword_text,STRING,YES
shared_criterion_history,brand_display_name,STRING,YES
shared_criterion_history,brand_primary_url,STRING,YES
shared_criterion_history,brand_rejection_reason,STRING,YES
shared_criterion_history,brand_status,STRING,YES
shared_criterion_history,mobile_app_category_constant_id,INT64,YES
shared_criterion_history,mobile_app_category_constant_name,STRING,YES
shared_criterion_history,mobile_application_app_id,STRING,YES
shared_criterion_history,mobile_application_name,STRING,YES
shared_criterion_history,placement_url,STRING,YES
shared_criterion_history,type,STRING,YES
shared_criterion_history,youtube_channel_id,STRING,YES
shared_criterion_history,youtube_video_id,STRING,YES
shared_criterion_history,_fivetran_synced,TIMESTAMP,YES
shared_criterion_history,_fivetran_start,TIMESTAMP,YES
shared_criterion_history,_fivetran_end,TIMESTAMP,YES
shared_criterion_history,_fivetran_active,BOOL,YES
shared_set_history,id,INT64,YES
shared_set_history,updated_at,TIMESTAMP,YES
shared_set_history,customer_id,INT64,YES
shared_set_history,member_count,INT64,YES
shared_set_history,name,STRING,YES
shared_set_history,reference_count,INT64,YES
shared_set_history,status,STRING,YES
shared_set_history,type,STRING,YES
shared_set_history,_fivetran_synced,TIMESTAMP,YES
shared_set_history,_fivetran_start,TIMESTAMP,YES
shared_set_history,_fivetran_end,TIMESTAMP,YES
shared_set_history,_fivetran_active,BOOL,YES
shopping_comparison_listing_ad_history,ad_id,INT64,YES
shopping_comparison_listing_ad_history,ad_group_id,INT64,YES
shopping_comparison_listing_ad_history,updated_at,TIMESTAMP,YES
shopping_comparison_listing_ad_history,headline,STRING,YES
shopping_comparison_listing_ad_history,_fivetran_synced,TIMESTAMP,YES
shopping_comparison_listing_ad_history,_fivetran_start,TIMESTAMP,YES
shopping_comparison_listing_ad_history,_fivetran_end,TIMESTAMP,YES
shopping_comparison_listing_ad_history,_fivetran_active,BOOL,YES
shopping_product_ad_history,ad_id,INT64,YES
shopping_product_ad_history,ad_group_id,INT64,YES
shopping_product_ad_history,updated_at,TIMESTAMP,YES
shopping_product_ad_history,shopping_product_ad,STRING,YES
shopping_product_ad_history,_fivetran_synced,TIMESTAMP,YES
shopping_product_ad_history,_fivetran_start,TIMESTAMP,YES
shopping_product_ad_history,_fivetran_end,TIMESTAMP,YES
shopping_product_ad_history,_fivetran_active,BOOL,YES
shopping_smart_ad_history,ad_id,INT64,YES
shopping_smart_ad_history,ad_group_id,INT64,YES
shopping_smart_ad_history,updated_at,TIMESTAMP,YES
shopping_smart_ad_history,shopping_smart_ad,STRING,YES
shopping_smart_ad_history,_fivetran_synced,TIMESTAMP,YES
shopping_smart_ad_history,_fivetran_start,TIMESTAMP,YES
shopping_smart_ad_history,_fivetran_end,TIMESTAMP,YES
shopping_smart_ad_history,_fivetran_active,BOOL,YES
smart_campaign_ad_history,ad_id,INT64,YES
smart_campaign_ad_history,ad_group_id,INT64,YES
smart_campaign_ad_history,updated_at,TIMESTAMP,YES
smart_campaign_ad_history,descriptions,STRING,YES
smart_campaign_ad_history,headlines,STRING,YES
smart_campaign_ad_history,_fivetran_synced,TIMESTAMP,YES
smart_campaign_ad_history,_fivetran_start,TIMESTAMP,YES
smart_campaign_ad_history,_fivetran_end,TIMESTAMP,YES
smart_campaign_ad_history,_fivetran_active,BOOL,YES
text_ad_history,ad_id,INT64,YES
text_ad_history,ad_group_id,INT64,YES
text_ad_history,updated_at,TIMESTAMP,YES
text_ad_history,description_1,STRING,YES
text_ad_history,description_2,STRING,YES
text_ad_history,headline,STRING,YES
text_ad_history,_fivetran_synced,TIMESTAMP,YES
text_ad_history,_fivetran_start,TIMESTAMP,YES
text_ad_history,_fivetran_end,TIMESTAMP,YES
text_ad_history,_fivetran_active,BOOL,YES
topic,id,INT64,YES
topic,parent_topic_id,INT64,YES
topic,path,STRING,YES
topic,_fivetran_synced,TIMESTAMP,YES
user_interest,id,INT64,YES
user_interest,parent_id,INT64,YES
user_interest,availabilities,STRING,YES
user_interest,launched_to_all,BOOL,YES
user_interest,name,STRING,YES
user_interest,taxonomy_type,STRING,YES
user_interest,_fivetran_synced,TIMESTAMP,YES
user_list,id,INT64,YES
user_list,access_reason,STRING,YES
user_list,account_user_list_status,STRING,YES
user_list,closing_reason,STRING,YES
user_list,description,STRING,YES
user_list,eligible_for_display,BOOL,YES
user_list,eligible_for_search,BOOL,YES
user_list,membership_status,STRING,YES
user_list,name,STRING,YES
user_list,read_only,BOOL,YES
user_list,size_for_display,INT64,YES
user_list,size_for_search,INT64,YES
user_list,size_range_for_display,STRING,YES
user_list,size_range_for_search,STRING,YES
user_list,type,STRING,YES
user_list,_fivetran_synced,TIMESTAMP,YES
video_ad_history,ad_id,INT64,YES
video_ad_history,ad_group_id,INT64,YES
video_ad_history,updated_at,TIMESTAMP,YES
video_ad_history,discovery_description_1,STRING,YES
video_ad_history,discovery_description_2,STRING,YES
video_ad_history,discovery_headline,STRING,YES
video_ad_history,in_stream_action_button_label,STRING,YES
video_ad_history,in_stream_action_headline,STRING,YES
video_ad_history,out_stream_description,STRING,YES
video_ad_history,out_stream_headline,STRING,YES
video_ad_history,type,STRING,YES
video_ad_history,_fivetran_synced,TIMESTAMP,YES
video_ad_history,_fivetran_start,TIMESTAMP,YES
video_ad_history,_fivetran_end,TIMESTAMP,YES
video_ad_history,_fivetran_active,BOOL,YES
video_responsive_ad_history,ad_id,INT64,YES
video_responsive_ad_history,ad_group_id,INT64,YES
video_responsive_ad_history,updated_at,TIMESTAMP,YES
video_responsive_ad_history,breadcrumb_1,STRING,YES
video_responsive_ad_history,breadcrumb_2,STRING,YES
video_responsive_ad_history,call_to_actions,STRING,YES
video_responsive_ad_history,descriptions,STRING,YES
video_responsive_ad_history,headlines,STRING,YES
video_responsive_ad_history,long_headlines,STRING,YES
video_responsive_ad_history,_fivetran_synced,TIMESTAMP,YES
video_responsive_ad_history,_fivetran_start,TIMESTAMP,YES
video_responsive_ad_history,_fivetran_end,TIMESTAMP,YES
video_responsive_ad_history,_fivetran_active,BOOL,YES